algo,original,parallelized
OLS Regression,8.080000000001746,7.169999999998254
Elastic Net,16.970000000001164,5.4799999999995634
Random Forest,324.6100000000006,385.52999999999884
eXtreme Gradient Boosting,453.52999999999884,224.64000000000306
